Id ,Sector ,Method ,Variable ,Importance
1,NM,GBM,Salinity ,37.7427261
2,NM,GBM,Aragonite Saturation ,21.3235067
3,NM,GBM,Dissolved oxygen ,20.2368711
4,NM,GBM,Chlorophyll,8.1227979
5,NM,GBM,Nitrogen ,7.8937889
6,NM,GBM,Ammonia ,2.9067986
7,NM,GBM,pH ,1.6239811
8,NM,GBM,Dissolved Organic Carbon ,0.1495297
9,NO,RF,Salinity ,2.9
10,NO,RF,Aragonite Saturation ,0.499
11,NO,RF,Dissolved oxygen ,0.504
12,NO,RF,Chlorophyll,0.33
13,NO,RF,Nitrogen ,1.71
14,NO,RF,Ammonia ,0.453
15,NO,RF,pH ,1.39
16,NO,RF,Dissolved Organic Carbon ,0.502
17,CM,GBM,Salinity ,29.3180999
18,CM,GBM,Aragonite Saturation ,15.3776669
19,CM,GBM,Dissolved oxygen ,0.4653743
20,CM,GBM,Chlorophyll,5.4954673
21,CM,GBM,Nitrogen ,31.549817
22,CM,GBM,Ammonia ,8.6387303
23,CM,GBM,pH ,1.111468
24,CM,GBM,Dissolved Organic Carbon ,8.0433763
25,CO,RF,Salinity ,0.767
26,CO,RF,Aragonite Saturation ,1.51
27,CO,RF,Dissolved oxygen ,0.156
28,CO,RF,Chlorophyll,0.231
29,CO,RF,Nitrogen ,1.19
30,CO,RF,Ammonia ,0.488
31,CO,RF,pH ,0.502
32,CO,RF,Dissolved Organic Carbon ,0.843
33,SM,RF,Salinity ,0.863
34,SM,RF,Aragonite Saturation ,2.9
35,SM,RF,Dissolved oxygen ,2.71
36,SM,RF,Chlorophyll,0.731
37,SM,RF,Nitrogen ,0.649
38,SM,RF,Ammonia ,0.967
39,SM,RF,pH ,1.03
40,SM,RF,Dissolved Organic Carbon ,2.6
41,SO,RF,Salinity ,0.38
42,SO,RF,Aragonite Saturation ,3.24
43,SO,RF,Dissolved oxygen ,3.35
44,SO,RF,Chlorophyll,0.411
45,SO,RF,Nitrogen ,0.402
46,SO,RF,Ammonia ,2.83
47,SO,RF,pH ,0.669
48,SO,RF,Dissolved Organic Carbon ,1.27
